{
    "Cubic": [[1,0,0],[0,1,0],[0,0,1]],
    "BCC": [[-0.5,0.5,0.5],[0.5,-0.5,0.5],[0.5,0.5,-0.5]],
    "FCC": [[0,0.5,0.5],[0.5,0,0.5],[0.5,0.5,0]],
    "Simple hexagonal": [[1,0,0],[0.5,0.86602540,0],[0,0,1.63299]]
}